{"accuracy": 0.9532163742690059, "precision": 0.9814814814814815, "recall": 0.9464285714285714, "f1": 0.9636363636363636, "confusion_matrix": [[57, 2], [6, 106]]}