{"accuracy": 0.9707602339181286, "precision": 0.9711538461538461, "recall": 0.9805825242718447, "f1_score": 0.9758454106280193, "confusion_matrix": [[65, 3], [2, 101]]}